{"name":"Flower Assistant","intents":[{"intent":"goodbyes","examples":[{"text":"stop"},{"text":"we are done"},{"text":"cya"},{"text":"quit"},{"text":"i'm leaving"},{"text":"later"},{"text":"good bye"},{"text":"see you"},{"text":"bye"},{"text":"fairwell"},{"text":"exit"}],"description":""},{"intent":"delivery_info","examples":[{"text":"is delivery free?"},{"text":"where do you deliver?"},{"text":"do you deliver during holidays?"},{"text":"will i be able to get my flowers on Sundays?"},{"text":"do you deliver on weekends?"},{"text":"how uch foe devilery"},{"text":"How much notice for delivery?"},{"text":"when will i recieve my flowers?"},{"text":"do you deliver?"},{"text":"how much for delivery?"},{"text":"how do i get my flowers?"}],"description":""},{"intent":"greetings","examples":[{"text":"wassup"},{"text":"yo"},{"text":"good evening"},{"text":"good morning"},{"text":"hey"},{"text":"hi"},{"text":"greetings"},{"text":"what's up"},{"text":"hello"}],"description":""},{"intent":"thank_you","examples":[{"text":"thanks"},{"text":"thanks a lot"},{"text":"thanks a bunch"},{"text":"alright, thanks"},{"text":"thank you very much"},{"text":"thank you"},{"text":"Thnaks"}],"description":""},{"intent":"flower_suggestions","examples":[{"text":"flower suggestions for friends"},{"text":"him"},{"text":"what type of flowers make a good choice as an anniversary gift for your parents?"},{"text":"what kind of flowers?"},{"text":"what should be good arrrangement to give someone when they are retiring?"},{"text":"whatt are the best flowers for valentines day"},{"text":"i want flowers that express sympathy"},{"text":"i'd like to buy flowers for a sick friend"},{"text":"which flowers for a funeral?"},{"text":"bouquet for girlfriend"},{"text":"which flowers for a birthday?"},{"text":"what flowers should i buy for my mom?"},{"text":"glowers for anniversairies"},{"text":"which flowers should i buy?"},{"text":"recommended flowers for special occasions"},{"text":"flower recommendations"},{"text":"flower suggestions"}],"description":""}],"entities":[{"entity":"occasion","values":[{"type":"synonyms","value":"graduation","metadata":null,"synonyms":["graduating","grad","graduate","commencement"]},{"type":"synonyms","value":"Funeral","metadata":null,"synonyms":["condolences","sorrow","grief","sympathy","wake","celebration of life"]},{"type":"synonyms","value":"christmas","metadata":null,"synonyms":["yule","25th Dec","25 December","25th-Dec","25th-Decomber"]},{"type":"synonyms","value":"wedding","metadata":null,"synonyms":["best man","bride","groom","bridesmaid"]},{"type":"synonyms","value":"congratulations","metadata":null,"synonyms":["award","success"]},{"type":"synonyms","value":"Mother's day","metadata":null,"synonyms":["mom's day","mum's day","mothering sunday"]},{"type":"synonyms","value":"birthday","metadata":null,"synonyms":["bday","b day","birth day","b-day"]},{"type":"synonyms","value":"Retirement","metadata":null,"synonyms":[]},{"type":"synonyms","value":"Anniversary","metadata":null,"synonyms":[]},{"type":"synonyms","value":"Get Well","metadata":null,"synonyms":["sickness","ill","disease","cancer","hospital"]},{"type":"synonyms","value":"Valentine's day","metadata":null,"synonyms":["February 14","Feb 14","heart day","February 14th"]}],"metadata":null,"description":null,"fuzzy_match":true},{"entity":"continent","values":[{"type":"synonyms","value":"Australia","metadata":null,"synonyms":[]},{"type":"synonyms","value":"Asia","metadata":null,"synonyms":[]},{"type":"synonyms","value":"Antarctica","metadata":null,"synonyms":[]},{"type":"synonyms","value":"South America","metadata":null,"synonyms":[]},{"type":"synonyms","value":"North America","metadata":null,"synonyms":[]},{"type":"synonyms","value":"Europe","metadata":null,"synonyms":[]},{"type":"synonyms","value":"Africa","metadata":null,"synonyms":[]}],"metadata":null,"description":null},{"entity":"sys-person","values":[],"metadata":null,"description":null},{"entity":"gender","values":[{"type":"synonyms","value":"no binary","metadata":null,"synonyms":["intersex","agender","both","neither","genderqueer","genderfluid"]},{"type":"synonyms","value":"male","metadata":null,"synonyms":["man","boy","guy"]},{"type":"synonyms","value":"female","metadata":null,"synonyms":["lady","girl","woman"]}],"metadata":null,"description":null,"fuzzy_match":false},{"entity":"relationship","values":[{"type":"synonyms","value":"husband","metadata":null,"synonyms":[]},{"type":"synonyms","value":"friend","metadata":null,"synonyms":["trainer","professor","bestie","companion","roommate","neighbor","teacher","coach","collegue","associate","friends"]},{"type":"synonyms","value":"wife","metadata":null,"synonyms":[]},{"type":"synonyms","value":"girlfriend","metadata":null,"synonyms":["GF","fiancee"]},{"type":"synonyms","value":"boyfriend","metadata":null,"synonyms":["beau"]},{"type":"synonyms","value":"mother","metadata":null,"synonyms":["mom","maa","mama","mommy"]},{"type":"synonyms","value":"father","metadata":null,"synonyms":["daddy","dad","pops","papa"]},{"type":"synonyms","value":"relative","metadata":null,"synonyms":["granny","grannie","step","uncle","aunty","aunt","cousin","brother","sister","grandpa","grandma"]}],"metadata":null,"description":null},{"entity":"response_types","values":[{"type":"synonyms","value":"uncertain","metadata":null,"synonyms":["don't know","maybe","not positive","not sure","unsure","unknown"]},{"type":"synonyms","value":"negative","metadata":null,"synonyms":["not that i know of","not at all","definitely not","no","nope"]},{"type":"synonyms","value":"positive","metadata":null,"synonyms":["sure","indeed","absolutely","yeppers","yeap","ya","yes"]}],"metadata":null,"description":null,"fuzzy_match":false}],"language":"en","metadata":{"api_version":{"major_version":"v1","minor_version":"2017-05-26"}},"description":"Flower Shop's Chatbot providing Flower suggestions and Delivery Information.","dialog_nodes":[{"type":"response_condition","title":null,"output":{"text":{"values":["You're welcome!","You're most welcome!","I'm glad I could help. :)","No problem.","Anytime."],"selection_policy":"sequential"}},"parent":"node_2_1520511388070","context":null,"metadata":{},"next_step":null,"conditions":null,"description":null,"dialog_node":"node_6_1521383696285","previous_sibling":"node_5_1521383675750"},{"type":"response_condition","title":null,"output":{"text":{"values":["You're welcome, $user!","You're most welcome, $user!","I'm glad I could help, $user.","No problem, $user.","No problemo, $user.","Anytime, $user."],"selection_policy":"random"}},"parent":"node_2_1520511388070","context":null,"metadata":{},"next_step":null,"conditions":"@sys-person","description":null,"dialog_node":"node_5_1521383675750","previous_sibling":null},{"type":"event_handler","title":null,"output":{"text":"Are the flowers are for Male, Female or Non Binary person?"},"parent":"slot_3_1521133144994","context":null,"metadata":{},"next_step":null,"conditions":null,"event_name":"focus","description":null,"dialog_node":"handler_5_1521133144994","previous_sibling":"handler_4_1521133144994"},{"type":"event_handler","title":null,"output":{},"parent":"slot_3_1521133144994","context":{"gender":"@gender"},"metadata":{},"next_step":null,"conditions":"@gender","event_name":"input","description":null,"dialog_node":"handler_4_1521133144994","previous_sibling":null},{"type":"event_handler","title":null,"output":{},"parent":"slot_10_1521385297679","context":null,"metadata":null,"next_step":null,"conditions":null,"event_name":"focus","description":null,"dialog_node":"handler_12_1521385297679","previous_sibling":"handler_11_1521385297679"},{"type":"event_handler","title":null,"output":null,"parent":"slot_10_1521385297679","context":{"city":"@city"},"metadata":null,"next_step":null,"conditions":"@city","event_name":"input","description":null,"dialog_node":"handler_11_1521385297679","previous_sibling":null},{"type":"response_condition","title":null,"output":{"text":{"values":["Thank you for chatting with me today. Have a good day!","Great talking to you today. Have a great day!","Thanks for chatting with me today. Have a good day! :)"],"selection_policy":"sequential"}},"parent":"node_3_1520511689253","context":null,"metadata":{},"next_step":null,"conditions":null,"description":null,"dialog_node":"node_7_1521383851227","previous_sibling":"node_5_1521061342540"},{"type":"response_condition","title":null,"output":{"text":{"values":["Thank you for chatting with me today, $user. Have a good day!","Great talking to you today, $user. Have a great day!","Thanks for chatting with me today, $user. Have a good day! :)"],"selection_policy":"random"}},"parent":"node_3_1520511689253","context":null,"metadata":{},"next_step":null,"conditions":"$user","description":null,"dialog_node":"node_5_1521061342540","previous_sibling":null},{"type":"standard","title":"Anniversary Questions","output":{"text":{"values":["Is it your anniversary?"],"selection_policy":"sequential"}},"parent":"node_9_1520522235048","context":null,"metadata":{},"next_step":null,"conditions":"@occasion:Anniversary","description":null,"dialog_node":"node_15_1520876717478","previous_sibling":"node_10_1520875310139"},{"type":"standard","title":"Occasion suggestions","output":{},"parent":"node_9_1520522235048","context":null,"metadata":{"_customization":{"mcr":true}},"next_step":null,"conditions":"@occasion","description":null,"dialog_node":"node_5_1520527902800","digress_out":"allow_all","previous_sibling":"node_15_1520876717478"},{"type":"standard","title":"Special occasion or not","output":{"text":{"values":["Are these flowers for a Special occasion?"],"selection_policy":"sequential"}},"parent":"node_9_1520522235048","context":null,"metadata":{},"next_step":null,"conditions":"true","description":null,"dialog_node":"node_4_1520882147242","previous_sibling":"node_5_1520521167688"},{"type":"frame","title":"Valentines Gender","output":{},"parent":"node_9_1520522235048","context":null,"metadata":{"fallback":"leave","_customization":{"mcr":true}},"next_step":null,"conditions":"@occasion:(Valentine's day)","description":null,"dialog_node":"node_1_1520873366762","digress_out":"allow_all","previous_sibling":"node_6_1520874332022","digress_out_slots":"not_allowed"},{"type":"standard","title":"Get Well hospital","output":{"text":{"values":["Is the affected person at Hospital?"],"selection_policy":"sequential"}},"parent":"node_9_1520522235048","context":null,"metadata":{},"next_step":null,"conditions":"@occasion:(Get Well)","description":null,"dialog_node":"node_10_1520875310139","previous_sibling":"node_1_1520873366762"},{"type":"standard","title":"Relationship Suggestions","output":{},"parent":"node_9_1520522235048","context":null,"metadata":{"_customization":{"mcr":true}},"next_step":null,"conditions":"@relationship","description":null,"dialog_node":"node_5_1520521167688","digress_out":"allow_all","previous_sibling":"node_5_1520527902800"},{"type":"standard","title":"Graduation Gender","output":{"text":{"values":["Are the flowers are for Male, Female or Non Binary person?"],"selection_policy":"sequential"}},"parent":"node_9_1520522235048","context":null,"metadata":{},"next_step":null,"conditions":"@occasion:graduation","description":null,"dialog_node":"node_6_1520874332022","previous_sibling":null},{"type":"response_condition","title":null,"output":{"text":{"values":["Particular odorous flowers are not recommended in a hospital Setting. You also want to cheer up the affected person, so I recommend buying Royal Easter Lillies, Purple Dendrobium Orchids, or Irises in Cheerful colours."]}},"parent":"node_11_1520875835757","context":null,"metadata":{},"next_step":null,"conditions":"@response_types:negative","description":null,"dialog_node":"node_13_1520875958974","previous_sibling":"node_12_1520875922395"},{"type":"response_condition","title":null,"output":{"text":{"values":["Particular odorous flowers are not recommended in a hospital Setting. You also want to cheer up the affected person, so I recommend buying Orchids, Tulips, or Irises in Cheerful colours."]}},"parent":"node_11_1520875835757","context":null,"metadata":{},"next_step":null,"conditions":"@response_types:positive || @response_types:uncertain","description":null,"dialog_node":"node_12_1520875922395","previous_sibling":null},{"type":"response_condition","title":null,"output":{"text":{"values":["No problem! :)  How can I help you? You can ask me about flower suggestions or delivery information."]}},"parent":"node_2_1521059385634","context":null,"metadata":{},"next_step":null,"conditions":null,"description":null,"dialog_node":"node_1_1521376483408","previous_sibling":"node_3_1521060914489"},{"type":"response_condition","title":null,"output":{"text":{"values":["Hi $user, How can I help you? You can ask me about flower suggestions or delivery information."],"selection_policy":"sequential"}},"parent":"node_2_1521059385634","context":{"user":"@sys-person"},"metadata":{},"next_step":null,"conditions":"@sys-person","description":null,"dialog_node":"node_3_1521060914489","previous_sibling":null},{"type":"standard","title":"Collect Username","output":{},"parent":"Welcome","context":null,"metadata":{"_customization":{"mcr":true}},"next_step":null,"conditions":"true","description":null,"dialog_node":"node_2_1521059385634","digress_out":"allow_all","previous_sibling":null},{"type":"response_condition","title":null,"output":{"text":{"values":["Yes, we Deliver in North America."]}},"parent":"node_4_1520520129220","context":null,"metadata":{},"next_step":null,"conditions":"@continent:(North America)","description":null,"dialog_node":"node_14_1521385447356","previous_sibling":"node_13_1521385405602"},{"type":"response_condition","title":null,"output":{"text":{"values":["Sorry for your Inconvenience. We don't deliver in Australia."]}},"parent":"node_4_1520520129220","context":null,"metadata":{},"next_step":null,"conditions":"@continent:Australia","description":null,"dialog_node":"node_16_1521385836673","previous_sibling":"slot_10_1521385297679"},{"type":"slot","title":null,"output":null,"parent":"node_4_1520520129220","context":null,"metadata":null,"variable":"$city","next_step":null,"conditions":null,"description":null,"dialog_node":"slot_10_1521385297679","previous_sibling":"node_15_1521385470617"},{"type":"response_condition","title":null,"output":{"text":{"values":["Our deliveries are flexible and can be scheduled at checkout. We require a 24 hour notice. We deliver 7 days a week, holidays included. We deliver almost half of the globe"]}},"parent":"node_4_1520520129220","context":null,"metadata":{},"next_step":null,"conditions":null,"description":null,"dialog_node":"node_18_1521385978410","previous_sibling":"node_17_1521385903646"},{"type":"response_condition","title":null,"output":{"text":{"values":["Sorry, we don't deliver in Europe."]}},"parent":"node_4_1520520129220","context":null,"metadata":{},"next_step":null,"conditions":"@continent:Europe","description":null,"dialog_node":"node_15_1521385470617","previous_sibling":"node_14_1521385447356"},{"type":"response_condition","title":null,"output":{"text":{"values":["Sorry for your Inconvenience. We don't deliver in South America."]}},"parent":"node_4_1520520129220","context":null,"metadata":{},"next_step":null,"conditions":"@continent:(South America)","description":null,"dialog_node":"node_13_1521385405602","previous_sibling":"node_9_1521385240310"},{"type":"response_condition","title":null,"output":{"text":{"values":["Yes, we do deliver in Africa."]}},"parent":"node_4_1520520129220","context":null,"metadata":{},"next_step":null,"conditions":"@continent:Africa","description":null,"dialog_node":"node_17_1521385903646","previous_sibling":"node_16_1521385836673"},{"type":"response_condition","title":null,"output":{"text":{"values":["Yes, we Deliver in Asia."]}},"parent":"node_4_1520520129220","context":null,"metadata":{},"next_step":null,"conditions":"@continent:Asia","description":null,"dialog_node":"node_9_1521385240310","previous_sibling":null},{"type":"standard","title":"By Location","output":{},"parent":"node_10_1520875310139","context":null,"metadata":{"_customization":{"mcr":true}},"next_step":null,"conditions":"@response_types","description":null,"dialog_node":"node_11_1520875835757","digress_out":"allow_all","previous_sibling":null},{"type":"response_condition","title":null,"output":{"text":{"values":["Surprise her with bouquet of beautiful roses or lilies, depending on her preference. Red or pink colours to express love and passion."]}},"parent":"node_1_1520878707747","context":null,"metadata":{},"next_step":null,"conditions":"@gender:female","description":null,"dialog_node":"node_3_1520878960129","previous_sibling":"node_2_1520878765276"},{"type":"response_condition","title":null,"output":{"text":{"values":["Consider Getting him rose in vibrant colours or seasonal flowers. Please visit our Website's Anniversary flower suggestions"]}},"parent":"node_1_1520878707747","context":null,"metadata":{},"next_step":null,"conditions":"@gender:male","description":null,"dialog_node":"node_2_1520878765276","previous_sibling":null},{"type":"standard","title":"Couple suggestion or Gender Questions","output":{},"parent":"node_15_1520876717478","context":null,"metadata":{"_customization":{"mcr":true}},"next_step":null,"conditions":"@response_types","description":null,"dialog_node":"node_16_1520877405446","digress_out":"allow_all","previous_sibling":null},{"type":"response_condition","title":null,"output":{},"parent":"node_5_1520521167688","context":null,"metadata":{},"next_step":null,"conditions":null,"description":null,"dialog_node":"node_4_1520527690175","previous_sibling":"node_3_1520527488016"},{"type":"response_condition","title":null,"output":{"text":{"values":["He might enjoy a bonsai or bamboo house plant. They look great and last longer."],"selection_policy":"sequential"}},"parent":"node_5_1520521167688","context":null,"metadata":{},"next_step":null,"conditions":"@relationship:husband || @relationship:father || @relationship:boyfriend","description":null,"dialog_node":"node_8_1520521824032","previous_sibling":"node_7_1520521758925"},{"type":"response_condition","title":null,"output":{"text":{"values":["A cheerful assorted bouquet or a house plant would work really well for friends. In terms of colours, Yellow conveys the concept of friendship. Just stay away from the yellow carnations, they signal disappointment in other person."]}},"parent":"node_5_1520521167688","context":null,"metadata":{},"next_step":null,"conditions":"@relationship:friend","description":null,"dialog_node":"node_3_1520527488016","previous_sibling":"node_2_1520527175223"},{"type":"response_condition","title":null,"output":{"text":{"values":["For relatives I would recommend opting for a cheerful assorted bouquet , or if they have expressed such a preference in the past, a house plant"]}},"parent":"node_5_1520521167688","context":null,"metadata":{},"next_step":null,"conditions":"@relationship:relative","description":null,"dialog_node":"node_2_1520527175223","previous_sibling":"node_1_1520526879548"},{"type":"response_condition","title":null,"output":{"text":{"values":["Buying flowers for Mom? Thats a very nice gesture. I'd recommend carnations or Gerberas. Pink or Red might work best as these colours show affection."]}},"parent":"node_5_1520521167688","context":null,"metadata":{},"next_step":null,"conditions":"@relationship:mother","description":null,"dialog_node":"node_1_1520526879548","previous_sibling":"node_8_1520521824032"},{"type":"response_condition","title":null,"output":{"text":{"values":["Buying her flowers is always a nice gestures. We recommend opting a bouquet of red roses or rd tulips."]}},"parent":"node_5_1520521167688","context":null,"metadata":{},"next_step":null,"conditions":"@relationship:wife || @relationship:girlfriend","description":null,"dialog_node":"node_7_1520521758925","previous_sibling":null},{"type":"standard","title":"By Gender","output":{},"parent":"node_6_1520874332022","context":null,"metadata":{"_customization":{"mcr":true}},"next_step":null,"conditions":"@gender","description":null,"dialog_node":"node_7_1520874663914","digress_out":"allow_all","previous_sibling":null},{"type":"response_condition","title":null,"output":{"text":{"values":["We recommend roses or tulips in vibrant colours. Checkout the His Valentine Bouquet"],"selection_policy":"sequential"}},"parent":"node_1_1520873366762","context":null,"metadata":{},"next_step":null,"conditions":"$gender:male","description":null,"dialog_node":"node_6_1521133507999","previous_sibling":"slot_3_1521133144994"},{"type":"response_condition","title":null,"output":{"text":{"values":["We recommend roses or tulips in Red to show passion. Checkout Her Valentines Bouquet."]}},"parent":"node_1_1520873366762","context":null,"metadata":{},"next_step":null,"conditions":"$gender:female","description":null,"dialog_node":"node_7_1521133544764","previous_sibling":"node_6_1521133507999"},{"type":"slot","title":null,"output":{},"parent":"node_1_1520873366762","context":null,"metadata":{},"variable":"$gender","next_step":null,"conditions":null,"description":null,"dialog_node":"slot_3_1521133144994","previous_sibling":"handler_9_1521140362255"},{"type":"response_condition","title":null,"output":{"text":{"values":["They might appreciate Rose or Tulips in Red or other Vibrant colours"]}},"parent":"node_1_1520873366762","context":null,"metadata":{},"next_step":null,"conditions":"$gender:(no binary)","description":null,"dialog_node":"node_8_1521133567994","previous_sibling":"node_7_1521133544764"},{"type":"event_handler","title":null,"output":{"text":{"values":["I am glad you asked. Our deliveries are friend can be scheduled at checkout. We require a 24 hour notice. We deliver 7 days a week, holidays included. We deliver in the city of Vancouver, BC."]}},"parent":"node_1_1520873366762","context":null,"metadata":{},"next_step":null,"conditions":"#delivery_info","event_name":"generic","description":null,"dialog_node":"handler_9_1521140362255","previous_sibling":null},{"type":"response_condition","title":null,"output":{"text":{"values":["I'd love to recommend a specific bouquet, but birthdays are as individuals as the people being celebrated. See if you can find their favourite flower or colour, or simply something that catches your eye our birthday flower page."]}},"parent":"node_5_1520527902800","context":null,"metadata":{},"next_step":null,"conditions":"@occasion:birthday","description":null,"dialog_node":"node_9_1520534364064","previous_sibling":"node_8_1520534186985"},{"type":"response_condition","title":null,"output":{"text":{"values":["For wedding related arrangements, please contact our human team at the store. They can be reached at 555-555-1234 or by email at support@xyz.com."]}},"parent":"node_5_1520527902800","context":null,"metadata":{},"next_step":null,"conditions":"@occasion:wedding","description":null,"dialog_node":"node_8_1520534186985","previous_sibling":"node_7_1520528295411"},{"type":"response_condition","title":null,"output":{"text":{"values":[""]}},"parent":"node_5_1520527902800","context":null,"metadata":{},"next_step":null,"conditions":"@occasion:(Valentine's day)","description":null,"dialog_node":"node_10_1520534791933","previous_sibling":"node_9_1520534364064"},{"type":"response_condition","title":null,"output":{"text":{"values":["For congratulations, I would recommend a cheerful assorted bouquet like our Awesome job bouquet."]}},"parent":"node_5_1520527902800","context":null,"metadata":{},"next_step":null,"conditions":"@occasion:congratulations","description":null,"dialog_node":"node_7_1520528295411","previous_sibling":"node_6_1520527957157"},{"type":"response_condition","title":null,"output":{"text":{"values":["I'm sorry to hear. Lilies arrangement with peaceful colours like white, and pastel green and blues are recommended. Feel free to check out our Funeral page for more beautiful choices. Please note that if it is for Jewish funeral / Shiva, flowers are generally nit considered appropriate."]}},"parent":"node_5_1520527902800","context":null,"metadata":{},"next_step":null,"conditions":"@occasion:Funeral","description":null,"dialog_node":"node_6_1520527957157","previous_sibling":null},{"type":"standard","title":"Special Occasion","output":{"text":{"values":["Which Occasion ? (Ex: birthday, wedding, anniversary etc...)"],"selection_policy":"sequential"}},"parent":"node_4_1520882147242","context":null,"metadata":{},"next_step":{"behavior":"jump_to","selector":"user_input","dialog_node":"node_6_1520874332022"},"conditions":"@response_types:positive","description":null,"dialog_node":"node_6_1520882276587","previous_sibling":"node_5_1520882274709"},{"type":"standard","title":"Not a special occasion","output":{"text":{"values":["Who are these flowers for?(Ex: boyfriend, relative, friend, wife etc....)"],"selection_policy":"sequential"}},"parent":"node_4_1520882147242","context":null,"metadata":{},"next_step":{"behavior":"jump_to","selector":"user_input","dialog_node":"node_5_1520521167688"},"conditions":"@response_types:negative","description":null,"dialog_node":"node_5_1520882274709","previous_sibling":null},{"type":"response_condition","title":null,"output":{"text":{"values":["We recommend a bouquet of Lillies in bright colours or, if available on our site, in the school's own colours. Peruvian Lillies are particularly popular."]}},"parent":"node_7_1520874663914","context":null,"metadata":{},"next_step":null,"conditions":"@gender:female || @gender:(no binary)","description":null,"dialog_node":"node_9_1520874832522","previous_sibling":"node_8_1520874768275"},{"type":"response_condition","title":null,"output":{"text":{"values":["We recommend a bouquet of Carnations in bright colours or, if available on our site, in the school's own colours. Peruvian Lillies are particularly popular."]}},"parent":"node_7_1520874663914","context":null,"metadata":{},"next_step":null,"conditions":"@gender:male","description":null,"dialog_node":"node_8_1520874768275","previous_sibling":null},{"type":"response_condition","title":null,"output":{"text":{"values":["Consider gifting them with a cheerful assorted bouquet of Seasonal flowers or an House plant of your"]}},"parent":"node_16_1520877405446","context":null,"metadata":{},"next_step":null,"conditions":"@response_types:negative","description":null,"dialog_node":"node_17_1520877464326","previous_sibling":"node_1_1520878707747"},{"type":"response_condition","title":null,"output":{},"parent":"node_16_1520877405446","context":null,"metadata":{},"next_step":null,"conditions":null,"description":null,"dialog_node":"node_19_1520878548551","previous_sibling":"node_18_1520878386137"},{"type":"response_condition","title":null,"output":{"text":{"values":["Is your partner male, female, or non binary?"]}},"parent":"node_16_1520877405446","context":null,"metadata":{},"next_step":null,"conditions":"@response_types:positive","description":null,"dialog_node":"node_18_1520878386137","previous_sibling":"node_17_1520877464326"},{"type":"standard","title":"Anniversary suggestion by gender","output":{},"parent":"node_16_1520877405446","context":null,"metadata":{"_customization":{"mcr":true}},"next_step":null,"conditions":"@gender","description":null,"dialog_node":"node_1_1520878707747","digress_out":"allow_all","previous_sibling":null},{"type":"standard","title":"Goodbye","output":{},"parent":null,"context":null,"metadata":{"_customization":{"mcr":true}},"next_step":null,"conditions":"#goodbyes","digress_in":"does_not_return","description":null,"dialog_node":"node_3_1520511689253","digress_out":"allow_all","previous_sibling":"node_2_1520511388070"},{"type":"standard","title":"Delivery Information","output":{},"parent":null,"context":null,"metadata":{"fallback":"leave","_customization":{"mcr":true}},"next_step":null,"conditions":"#delivery_info","digress_in":"does_not_return","description":null,"dialog_node":"node_4_1520520129220","digress_out":"allow_all","previous_sibling":"node_3_1520511689253"},{"type":"standard","title":"Greetings","output":{"text":{"values":["I'm here to help! Feel free to ask me Flower suggestions (or Delivery Information)."],"selection_policy":"sequential"}},"parent":null,"context":null,"metadata":{},"next_step":null,"conditions":"#greetings","description":null,"dialog_node":"node_1_1520511127327","previous_sibling":"node_9_1520522235048"},{"type":"standard","title":"Confidence","output":{},"parent":null,"context":null,"metadata":{},"next_step":{"behavior":"jump_to","selector":"body","dialog_node":"Anything else"},"conditions":"intent[0].confidence<0.7","description":null,"dialog_node":"node_8_1521384224826","previous_sibling":"Welcome"},{"type":"standard","title":"Anything else","output":{"text":{"values":["I didn't understand. You can try rephrasing.","Can you reword your statement? I'm not understanding.","I didn't get your meaning.","Sorry?"],"selection_policy":"random"}},"parent":null,"context":null,"metadata":{},"next_step":null,"conditions":"anything_else","description":null,"dialog_node":"Anything else","previous_sibling":"node_4_1520520129220"},{"type":"standard","title":"Thank You","output":{},"parent":null,"context":null,"metadata":{"_customization":{"mcr":true}},"next_step":null,"conditions":"#thank_you","digress_in":"does_not_return","description":null,"dialog_node":"node_2_1520511388070","digress_out":"allow_all","previous_sibling":"node_1_1520511127327"},{"type":"standard","title":"Flower Suggestions","output":{},"parent":null,"context":null,"metadata":{},"next_step":{"behavior":"jump_to","selector":"condition","dialog_node":"node_6_1520874332022"},"conditions":"#flower_suggestions","description":null,"dialog_node":"node_9_1520522235048","previous_sibling":"node_8_1521384224826"},{"type":"standard","title":"Welcome","output":{"text":{"values":["Hello! I'm your Flower Assistant. I can provide you any flower suggestions and Delivery information. What name would you like me to call you by ?"],"selection_policy":"sequential"}},"parent":null,"context":null,"metadata":{},"next_step":null,"conditions":"welcome","description":null,"dialog_node":"Welcome","previous_sibling":null}],"workspace_id":"40c7df9e-d84c-4af8-8db1-076b9956b7e1","counterexamples":[{"text":"info"},{"text":"no"}],"learning_opt_out":false}